;0
name;CNN_VGG_Deep_Best
conv_layers_config;[(64, 3, 2), (128, 3, 2), (256, 3, 2), (512, 3, 2)]
fc_layers_config;[512, 256]
learning_rate;0,0001
dropout_conv;0,3
dropout_fc;0,5
epochs_run;3
test_loss;1,2193104028701782
test_acc;52,70768404006958
history_dict;"{""train_loss"": [1.760964035987854, 1.5567620992660522, 1.3174266815185547], ""train_acc"": [25.443848967552185, 36.24154031276703, 48.05273115634918], ""val_loss"": [1.734087586402893, 1.3442634344100952, 1.2193104028701782], ""val_acc"": [25.148850679397583, 47.32066988945007, 52.70768404006958]}"
y_true;[0, 0, 0, 0, 0, 0, 0, 0, 0, 0, 0, 0, 0, 0, 0, 0, 0, 0, 0, 0, 0, 0, 0, 0, 0, 0, 0, 0, 0, 0, 0, 0, 0, 0, 0, 0, 0, 0, 0, 0, 0, 0, 0, 0, 0, 0, 0, 0, 0, 0, 0, 0, 0, 0, 0, 0, 0, 0, 0, 0, 0, 0, 0, 0, 0, 0, 0, 0, 0, 0, 0, 0, 0, 0, 0, 0, 0, 0, 0, 0, 0, 0, 0, 0, 0, 0, 0, 0, 0, 0, 0, 0, 0, 0, 0, 0, 0, 0, 0, 0, 0, 0, 0, 0, 0, 0, 0, 0, 0, 0, 0, 0, 0, 0, 0, 0, 0, 0, 0, 0, 0, 0, 0, 0, 0, 0, 0, 0, 0, 0, 0, 0, 0, 0, 0, 0, 0, 0, 0, 0, 0, 0, 0, 0, 0, 0, 0, 0, 0, 0, 0, 0, 0, 0, 0, 0, 0, 0, 0, 0, 0, 0, 0, 0, 0, 0, 0, 0, 0, 0, 0, 0, 0, 0, 0, 0, 0, 0, 0, 0, 0, 0, 0, 0, 0, 0, 0, 0, 0, 0, 0, 0, 0, 0, 0, 0, 0, 0, 0, 0, 0, 0, 0, 0, 0, 0, 0, 0, 0, 0, 0, 0, 0, 0, 0, 0, 0, 0, 0, 0, 0, 0, 0, 0, 0, 0, 0, 0, 0, 0, 0, 0, 0, 0, 0, 0, 0, 0, 0, 0, 0, 0, 0, 0, 0, 0, 0, 0, 0, 0, 0, 0, 0, 0, 0, 0, 0, 0, 0, 0, 0, 0, 0, 0, 0, 0, 0, 0, 0, 0, 0, 0, 0, 0, 0, 0, 0, 0, 0, 0, 0, 0, 0, 0, 0, 0, 0, 0, 0, 0, 0, 0, 0, 0, 0, 0, 0, 0, 0, 0, 0, 0, 0, 0, 0, 0, 0, 0, 0, 0, 0, 0, 0, 0, 0, 0, 0, 0, 0, 0, 0, 0, 0, 0, 0, 0, 0, 0, 0, 0, 0, 0, 0, 0, 0, 0, 0, 0, 0, 0, 0, 0, 0, 0, 0, 0, 0, 0, 0, 0, 0, 0, 0, 0, 0, 0, 0, 0, 0, 0, 0, 0, 0, 0, 0, 0, 0, 0, 0, 0, 0, 0, 0, 0, 0, 0, 0, 0, 0, 0, 0, 0, 0, 0, 0, 0, 0, 0, 0, 0, 0, 0, 0, 0, 0, 0, 0, 0, 0, 0, 0, 0, 0, 0, 0, 0, 0, 0, 0, 0, 0, 0, 0, 0, 0, 0, 0, 0, 0, 0, 0, 0, 0, 0, 0, 0, 0, 0, 0, 0, 0, 0, 0, 0, 0, 0, 0, 0, 0, 0, 0, 0, 0, 0, 0, 0, 0, 0, 0, 0, 0, 0, 0, 0, 0, 0, 0, 0, 0, 0, 0, 0, 0, 0, 0, 0, 0, 0, 0, 0, 0, 0, 0, 0, 0, 0, 0, 0, 0, 0, 0, 0, 0, 0, 0, 0, 0, 0, 1, 1, 1, 1, 1, 1, 1, 1, 1, 1, 1, 1, 1, 1, 1, 1, 1, 1, 1, 1, 1, 1, 1, 1, 1, 1, 1, 1, 1, 1, 1, 1, 1, 1, 1, 1, 1, 1, 1, 1, 1, 1, 1, 1, 1, 1, 1, 1, 1, 1, 1, 1, 1, 1, 1, 1, 1, 1, 1, 1, 1, 1, 1, 1, 1, 1, 1, 1, 1, 1, 1, 1, 1, 1, 1, 1, 1, 1, 1, 1, 1, 1, 1, 1, 1, 1, 1, 1, 1, 1, 1, 1, 1, 1, 1, 1, 1, 1, 1, 1, 1, 1, 1, 1, 1, 1, 1, 1, 1, 1, 1, 1, 1, 1, 1, 1, 1, 1, 1, 1, 1, 1, 1, 1, 1, 1, 1, 1, 1, 1, 1, 1, 1, 1, 1, 1, 1, 1, 1, 1, 1, 1, 1, 1, 1, 1, 1, 1, 1, 1, 1, 1, 1, 1, 1, 1, 1, 1, 1, 1, 1, 1, 1, 1, 1, 1, 1, 1, 1, 1, 1, 1, 1, 1, 1, 1, 1, 1, 1, 1, 1, 1, 1, 1, 1, 1, 1, 1, 1, 1, 1, 1, 1, 1, 1, 1, 1, 1, 1, 1, 1, 1, 1, 1, 1, 1, 1, 1, 1, 1, 1, 1, 1, 1, 1, 1, 1, 1, 1, 1, 1, 1, 1, 1, 1, 1, 1, 1, 1, 1, 1, 1, 1, 1, 1, 1, 1, 1, 1, 1, 1, 1, 1, 1, 1, 1, 1, 1, 1, 1, 1, 1, 1, 1, 1, 1, 1, 1, 1, 1, 1, 1, 1, 1, 1, 1, 1, 1, 1, 1, 1, 1, 1, 1, 1, 1, 1, 1, 1, 1, 1, 1, 1, 1, 1, 1, 1, 1, 1, 1, 1, 1, 1, 1, 1, 1, 1, 1, 1, 1, 1, 1, 1, 1, 1, 1, 1, 1, 1, 1, 1, 1, 1, 1, 1, 1, 1, 1, 1, 1, 1, 1, 1, 1, 1, 1, 1, 1, 1, 1, 1, 1, 1, 1, 1, 1, 1, 1, 1, 1, 1, 1, 1, 1, 1, 1, 1, 1, 1, 1, 1, 1, 1, 1, 1, 1, 1, 1, 1, 1, 1, 1, 1, 1, 1, 1, 1, 1, 1, 1, 1, 1, 1, 1, 1, 1, 1, 1, 1, 1, 1, 1, 1, 1, 1, 1, 1, 1, 1, 1, 1, 1, 1, 1, 1, 1, 1, 1, 1, 1, 1, 1, 1, 1, 1, 1, 1, 1, 1, 1, 1, 1, 1, 1, 1, 1, 1, 1, 1, 1, 1, 1, 1, 1, 1, 1, 1, 1, 1, 1, 1, 1, 1, 1, 1, 1, 1, 1, 1, 1, 1, 1, 1, 1, 1, 1, 1, 1, 1, 1, 1, 1, 1, 1, 1, 1, 1, 1, 1, 1, 1, 1, 1, 1, 1, 1, 1, 1, 1, 1, 1, 1, 1, 1, 1, 1, 1, 1, 1, 1, 1, 1, 1, 1, 1, 1, 1, 1, 1, 1, 1, 1, 1, 1, 1, 1, 1, 1, 1, 1, 1, 1, 1, 1, 1, 1, 1, 1, 1, 1, 1, 1, 1, 1, 1, 1, 1, 1, 1, 1, 1, 1, 1, 1, 1, 1, 1, 1, 2, 2, 2, 2, 2, 2, 2, 2, 2, 2, 2, 2, 2, 2, 2, 2, 2, 2, 2, 2, 2, 2, 2, 2, 2, 2, 2, 2, 2, 2, 2, 2, 2, 2, 2, 2, 2, 2, 2, 2, 2, 2, 2, 2, 2, 2, 2, 2, 2, 2, 2, 2, 2, 2, 2, 2, 2, 2, 2, 2, 2, 2, 2, 2, 2, 2, 2, 2, 2, 2, 2, 2, 2, 2, 2, 2, 2, 2, 2, 2, 2, 2, 2, 2, 2, 2, 2, 2, 2, 2, 2, 2, 2, 2, 2, 2, 2, 2, 2, 2, 2, 2, 2, 2, 2, 2, 2, 2, 2, 2, 2, 2, 2, 2, 2, 2, 2, 2, 2, 2, 2, 2, 2, 2, 2, 2, 2, 2, 2, 2, 2, 2, 2, 2, 2, 2, 2, 2, 2, 2, 2, 2, 2, 2, 2, 2, 2, 2, 2, 2, 2, 2, 2, 2, 2, 2, 2, 2, 2, 2, 2, 2, 2, 2, 2, 2, 2, 2, 2, 2, 2, 2, 2, 2, 2, 2, 2, 2, 2, 2, 2, 2, 2, 2, 2, 2, 2, 2, 2, 2, 2, 2, 2, 2, 2, 2, 2, 2, 2, 2, 2, 2, 2, 2, 2, 2, 2, 2, 2, 2, 2, 2, 2, 2, 2, 2, 2, 2, 2, 2, 2, 2, 2, 2, 2, 2, 2, 2, 2, 2, 2, 2, 2, 2, 2, 2, 2, 2, 2, 2, 2, 2, 2, 2, 2, 2, 2, 2, 2, 2, 2, 2, 2, 2, 2, 2, 2, 2, 2, 2, 2, 2, 2, 2, 2, 2, 2, 2, 2, 2, 2, 2, 2, 2, 2, 2, 2, 2, 2, 2, 2, 2, 2, 2, 2, 2, 2, 2, 2, 2, 2, 2, 2, 2, 2, 2, 2, 2, 2, 2, 2, 2, 2, 2, 2, 2, 2, 2, 2, 2, 2, 2, 2, 2, 2, 2, 2, 2, 2, 2, 2, 2, 2, 2, 2, 2, 2, 2, 2, 2, 2, 2, 2, 2, 2, 2, 2, 2, 2, 2, 2, 2, 2, 2, 2, 2, 2, 2, 2, 2, 2, 2, 2, 2, 2, 2, 2, 2, 2, 2, 2, 2, 2, 2, 2, 2, 2, 2, 2, 2, 2, 2, 2, 2, 2, 2, 2, 2, 2, 2, 2, 2, 2, 2, 2, 2, 2, 2, 2, 2, 2, 2, 2, 2, 2, 2, 2, 2, 2, 2, 2, 2, 2, 2, 2, 2, 2, 2, 2, 2, 2, 2, 2, 2, 2, 2, 2, 2, 2, 2, 2, 2, 2, 2, 2, 2, 2, 2, 2, 2, 2, 2, 2, 2, 2, 2, 2, 2, 2, 2, 2, 2, 2, 2, 2, 2, 2, 2, 2, 2, 2, 2, 2, 2, 2, 2, 2, 2, 2, 2, 2, 2, 2, 2, 2, 2, 2, 2, 2, 2, 2, 2, 2, 2, 2, 2, 2, 2, 2, 2, 2, 2, 2, 2, 2, 2, 2, 2, 2, 2, 2, 2, 2, 2, 2, 2, 2, 2, 2, 2, 2, 2, 2, 2, 2, 2, 2, 2, 2, 2, 2, 2, 2, 2, 2, 2, 2, 2, 2, 2, 2, 2, 2, 2, 2, 2, 2, 2, 2, 2, 2, 2, 2, 2, 2, 2, 2, 2, 2, 2, 2, 2, 2, 2, 2, 2, 2, 2, 2, 2, 2, 2, 2, 2, 2, 2, 2, 2, 2, 2, 2, 2, 2, 2, 2, 2, 2, 2, 2, 2, 2, 2, 2, 2, 2, 2, 2, 2, 2, 2, 2, 2, 2, 2, 2, 2, 2, 2, 2, 2, 2, 2, 2, 2, 2, 2, 2, 2, 2, 2, 2, 2, 2, 2, 2, 2, 2, 2, 2, 2, 2, 2, 2, 2, 2, 2, 2, 2, 2, 2, 2, 2, 2, 2, 2, 2, 2, 2, 2, 2, 2, 2, 2, 2, 2, 2, 2, 2, 2, 2, 2, 2, 2, 2, 2, 2, 2, 2, 2, 2, 2, 2, 2, 2, 2, 2, 2, 2, 2, 2, 2, 2, 2, 2, 2, 2, 2, 2, 2, 2, 2, 2, 2, 2, 2, 2, 2, 2, 2, 2, 2, 2, 2, 2, 2, 2, 2, 2, 2, 2, 2, 2, 2, 2, 2, 2, 2, 2, 2, 2, 2, 2, 2, 2, 2, 2, 2, 2, 2, 2, 2, 2, 2, 2, 2, 2, 2, 2, 2, 2, 2, 2, 2, 2, 2, 2, 2, 2, 2, 2, 2, 2, 2, 2, 2, 2, 2, 2, 2, 2, 2, 2, 2, 2, 2, 2, 2, 2, 2, 2, 2, 2, 2, 2, 2, 2, 2, 2, 2, 2, 2, 2, 2, 2, 2, 2, 2, 2, 2, 2, 2, 2, 2, 2, 2, 2, 2, 2, 2, 2, 2, 2, 2, 2, 2, 2, 2, 2, 2, 2, 2, 2, 2, 2, 2, 2, 2, 2, 2, 2, 2, 2, 2, 2, 2, 2, 2, 2, 2, 2, 2, 2, 2, 2, 2, 2, 2, 2, 2, 2, 2, 2, 2, 2, 2, 2, 2, 2, 2, 2, 2, 2, 2, 2, 2, 2, 2, 2, 2, 2, 2, 2, 2, 2, 2, 2, 2, 2, 2, 2, 2, 2, 2, 2, 2, 2, 2, 2, 2, 2, 2, 2, 2, 2, 2, 2, 2, 2, 2, 2, 2, 2, 2, 2, 2, 2, 2, 2, 3, 3, 3, 3, 3, 3, 3, 3, 3, 3, 3, 3, 3, 3, 3, 3, 3, 3, 3, 3, 3, 3, 3, 3, 3, 3, 3, 3, 3, 3, 3, 3, 3, 3, 3, 3, 3, 3, 3, 3, 3, 3, 3, 3, 3, 3, 3, 3, 3, 3, 3, 3, 3, 3, 3, 3, 3, 3, 3, 3, 3, 3, 3, 3, 3, 3, 3, 3, 3, 3, 3, 3, 3, 3, 3, 3, 3, 3, 3, 3, 3, 3, 3, 3, 3, 3, 3, 3, 3, 3, 3, 3, 3, 3, 3, 3, 3, 3, 3, 3, 3, 3, 3, 3, 3, 3, 3, 3, 3, 3, 3, 3, 3, 3, 3, 3, 3, 3, 3, 3, 3, 3, 3, 3, 3, 3, 3, 3, 3, 3, 3, 3, 3, 3, 3, 3, 3, 3, 3, 3, 3, 3, 3, 3, 3, 3, 3, 3, 3, 3, 3, 3, 3, 3, 3, 3, 3, 3, 3, 3, 3, 3, 3, 3, 3, 3, 3, 3, 3, 3, 3, 3, 3, 3, 3, 3, 3, 3, 3, 3, 3, 3, 3, 3, 3, 3, 3, 3, 3, 3, 3, 3, 3, 3, 3, 3, 3, 3, 3, 3, 3, 3, 3, 3, 3, 3, 3, 3, 3, 3, 3, 3, 3, 3, 3, 3, 3, 3, 3, 3, 3, 3, 3, 3, 3, 3, 3, 3, 3, 3, 3, 3, 3, 3, 3, 3, 3, 3, 3, 3, 3, 3, 3, 3, 3, 3, 3, 3, 3, 3, 3, 3, 3, 3, 3, 3, 3, 3, 3, 3, 3, 3, 3, 3, 3, 3, 3, 3, 3, 3, 3, 3, 3, 3, 3, 3, 3, 3, 3, 3, 3, 3, 3, 3, 3, 3, 3, 3, 3, 3, 3, 3, 3, 3, 3, 3, 3, 3, 3, 3, 3, 3, 3, 3, 3, 3, 3, 3, 3, 3, 3, 3, 3, 3, 3, 3, 3, 3, 3, 3, 3, 3, 3, 3, 3, 3, 3, 3, 3, 3, 3, 3, 3, 3, 3, 3, 3, 3, 3, 3, 3, 3, 3, 3, 3, 3, 3, 3, 3, 3, 3, 3, 3, 3, 3, 3, 3, 3, 3, 3, 3, 3, 3, 3, 3, 3, 3, 3, 3, 3, 3, 3, 3, 3, 3, 3, 3, 3, 3, 3, 3, 3, 3, 3, 3, 3, 3, 3, 3, 3, 3, 3, 3, 3, 3, 3, 3, 3, 3, 3, 3, 3, 3, 3, 3, 3, 3, 3, 3, 3, 3, 3, 3, 3, 3, 3, 3, 3, 3, 3, 3, 3, 3, 3, 3, 3, 3, 3, 3, 3, 3, 3, 3, 3, 3, 3, 3, 3, 3, 3, 3, 3, 3, 3, 3, 3, 3, 3, 3, 3, 3, 3, 3, 3, 3, 3, 3, 3, 3, 3, 3, 3, 3, 3, 3, 3, 3, 3, 3, 3, 3, 3, 3, 3, 3, 3, 3, 3, 3, 3, 3, 3, 3, 3, 3, 3, 3, 3, 3, 3, 3, 3, 3, 3, 3, 3, 3, 3, 3, 3, 3, 3, 3, 3, 3, 3, 3, 3, 3, 3, 3, 3, 3, 3, 3, 3, 3, 3, 3, 3, 3, 3, 3, 3, 3, 3, 3, 3, 3, 3, 3, 3, 3, 3, 3, 3, 3, 3, 3, 3, 3, 3, 3, 3, 3, 3, 3, 3, 3, 3, 3, 3, 3, 3, 3, 3, 3, 3, 3, 3, 3, 3, 3, 3, 3, 3, 3, 3, 3, 3, 3, 3, 3, 3, 3, 3, 3, 3, 3, 3, 3, 3, 3, 3, 3, 3, 3, 3, 3, 3, 3, 3, 3, 3, 3, 3, 3, 3, 3, 3, 3, 3, 3, 3, 3, 3, 3, 3, 3, 3, 3, 3, 3, 3, 3, 3, 3, 3, 3, 3, 3, 3, 3, 3, 4, 4, 4, 4, 4, 4, 4, 4, 4, 4, 4, 4, 4, 4, 4, 4, 4, 4, 4, 4, 4, 4, 4, 4, 4, 4, 4, 4, 4, 4, 4, 4, 4, 4, 4, 4, 4, 4, 4, 4, 4, 4, 4, 4, 4, 4, 4, 4, 4, 4, 4, 4, 4, 4, 4, 4, 4, 4, 4, 4, 4, 4, 4, 4, 4, 4, 4, 4, 4, 4, 4, 4, 4, 4, 4, 4, 4, 4, 4, 4, 4, 4, 4, 4, 4, 4, 4, 4, 4, 4, 4, 4, 4, 4, 4, 4, 4, 4, 4, 4, 4, 4, 4, 4, 4, 4, 4, 4, 4, 4, 4, 4, 4, 4, 4, 4, 4, 4, 4, 4, 4, 4, 4, 4, 4, 4, 4, 4, 4, 4, 4, 4, 4, 4, 4, 4, 4, 4, 4, 4, 4, 4, 4, 4, 4, 4, 4, 4, 4, 4, 4, 4, 4, 4, 4, 4, 4, 4, 4, 4, 4, 4, 4, 4, 4, 4, 4, 4, 4, 4, 4, 4, 4, 4, 4, 4, 4, 4, 4, 4, 4, 4, 4, 4, 4, 4, 4, 4, 4, 4, 4, 4, 4, 4, 4, 4, 4, 4, 4, 4, 4, 4, 4, 4, 4, 4, 4, 4, 4, 4, 4, 4, 4, 4, 4, 4, 4, 4, 4, 4, 4, 4, 4, 4, 4, 4, 4, 4, 4, 4, 4, 4, 4, 4, 4, 4, 4, 4, 4, 4, 4, 4, 4, 4, 4, 4, 4, 4, 4, 4, 4, 4, 4, 4, 4, 4, 4, 4, 4, 4, 4, 4, 4, 4, 4, 4, 4, 4, 4, 4, 4, 4, 4, 4, 4, 4, 4, 4, 4, 4, 4, 4, 4, 4, 4, 4, 4, 4, 4, 4, 4, 4, 4, 4, 4, 4, 4, 4, 4, 4, 4, 4, 4, 4, 4, 4, 4, 4, 4, 4, 4, 4, 4, 4, 4, 4, 4, 4, 4, 4, 4, 4, 4, 4, 4, 4, 4, 4, 4, 4, 4, 4, 4, 4, 4, 4, 4, 4, 4, 4, 4, 4, 4, 4, 4, 4, 4, 4, 4, 4, 4, 4, 4, 4, 4, 4, 4, 4, 4, 4, 4, 4, 4, 4, 4, 4, 4, 4, 4, 4, 4, 4, 4, 4, 4, 4, 4, 4, 4, 4, 4, 4, 4, 4, 4, 4, 4, 4, 4, 4, 4, 4, 4, 4, 4, 4, 4, 4, 4, 4, 4, 4, 4, 4, 4, 4, 4, 4, 4, 4, 4, 4, 4, 4, 4, 4, 4, 4, 4, 4, 4, 4, 4, 4, 4, 4, 4, 4, 4, 4, 4, 4, 4, 4, 4, 4, 4, 4, 4, 4, 4, 4, 4, 4, 4, 4, 4, 4, 4, 4, 4, 4, 4, 4, 4, 4, 4, 4, 4, 4, 4, 4, 4, 4, 4, 4, 4, 4, 4, 4, 4, 4, 4, 4, 4, 4, 4, 4, 4, 4, 4, 4, 4, 4, 4, 4, 4, 4, 4, 4, 4, 4, 4, 4, 4, 4, 4, 4, 4, 4, 4, 4, 4, 4, 4, 4, 4, 4, 4, 4, 4, 4, 4, 4, 4, 4, 4, 4, 4, 4, 4, 4, 4, 4, 4, 4, 4, 4, 4, 4, 4, 4, 4, 4, 4, 4, 4, 4, 4, 4, 4, 4, 4, 4, 4, 4, 4, 4, 4, 4, 4, 4, 4, 4, 4, 4, 4, 4, 4, 4, 4, 4, 4, 4, 4, 4, 4, 4, 4, 4, 4, 4, 4, 4, 4, 4, 4, 4, 4, 4, 4, 4, 4, 4, 4, 4, 4, 4, 4, 4, 4, 4, 4, 4, 5, 5, 5, 5, 5, 5, 5, 5, 5, 5, 5, 5, 5, 5, 5, 5, 5, 5, 5, 5, 5, 5, 5, 5, 5, 5, 5, 5, 5, 5, 5, 5, 5, 5, 5, 5, 5, 5, 5, 5, 5, 5, 5, 5, 5, 5, 5, 5, 5, 5, 5, 5, 5, 5, 5, 5, 5, 5, 5, 5, 5, 5, 5, 5, 5, 5, 5, 5, 5, 5, 5, 5, 5, 5, 5, 5, 5, 5, 5, 5, 5, 5, 5, 5, 5, 5, 5, 5, 5, 5, 5, 5, 5, 5, 5, 5, 5, 5, 5, 5, 5, 5, 5, 5, 5, 5, 5, 5, 5, 5, 5, 5, 5, 5, 5, 5, 5, 5, 5, 5, 5, 5, 5, 5, 5, 5, 5, 5, 5, 5, 5, 5, 5, 5, 5, 5, 5, 5, 5, 5, 5, 5, 5, 5, 5, 5, 5, 5, 5, 5, 5, 5, 5, 5, 5, 5, 5, 5, 5, 5, 5, 5, 5, 5, 5, 5, 5, 5, 5, 5, 5, 5, 5, 5, 5, 5, 5, 5, 5, 5, 5, 5, 5, 5, 5, 5, 5, 5, 5, 5, 5, 5, 5, 5, 5, 5, 5, 5, 5, 5, 5, 5, 5, 5, 5, 5, 5, 5, 5, 5, 5, 5, 5, 5, 5, 5, 5, 5, 5, 5, 5, 5, 5, 5, 5, 5, 5, 5, 5, 5, 5, 5, 5, 5, 5, 5, 5, 5, 5, 5, 5, 5, 5, 5, 5, 5, 5, 5, 5, 5, 5, 5, 5, 5, 5, 5, 5, 5, 5, 5, 5, 5, 5, 5, 5, 5, 5, 5, 5, 5, 5, 5, 5, 5, 5, 5, 5, 5, 5, 5, 5, 5, 5, 5, 5, 5, 5, 5, 5, 5, 5, 5, 5, 5, 5, 5, 5, 5, 5, 5, 5, 5, 5, 5, 5, 5, 5, 5, 5, 5, 5, 5, 5, 5, 5, 5, 5, 5, 5, 5, 5, 5, 5, 5, 5, 5, 5, 5, 5, 5, 5, 5, 5, 5, 5, 5, 5, 5, 5, 5, 5, 5, 5, 5, 5, 5, 5, 5, 5, 5, 5, 5, 5, 5, 5, 5, 5, 5, 5, 5, 5, 5, 5, 5, 5, 5, 5, 5, 5, 5, 5, 5, 5, 5, 5, 5, 5, 5, 5, 5, 5, 5, 5, 5, 5, 5, 5, 5, 5, 5, 5, 5, 5, 5, 5, 5, 5, 5, 5, 5, 5, 5, 5, 5, 5, 5, 5, 5, 5, 5, 5, 5, 5, 5, 5]
y_pred;[0, 0, 1, 4, 3, 3, 4, 5, 4, 2, 0, 4, 4, 5, 5, 5, 5, 0, 2, 3, 0, 4, 5, 4, 4, 5, 0, 1, 4, 4, 3, 4, 2, 4, 4, 0, 2, 4, 0, 3, 0, 3, 4, 4, 0, 1, 0, 4, 2, 3, 3, 1, 4, 5, 4, 4, 0, 3, 1, 1, 4, 0, 4, 4, 4, 1, 5, 2, 4, 0, 2, 3, 0, 4, 0, 1, 4, 0, 4, 4, 4, 1, 3, 4, 4, 1, 4, 4, 2, 4, 4, 2, 5, 2, 0, 0, 4, 2, 3, 3, 5, 4, 4, 4, 1, 2, 3, 0, 3, 0, 3, 2, 2, 0, 3, 2, 3, 5, 1, 3, 3, 2, 3, 2, 4, 0, 4, 4, 3, 4, 2, 2, 0, 0, 0, 4, 0, 0, 0, 4, 4, 3, 4, 5, 3, 1, 0, 3, 0, 2, 3, 4, 3, 3, 4, 3, 3, 2, 0, 3, 3, 0, 3, 4, 4, 4, 0, 4, 4, 4, 0, 0, 3, 3, 0, 0, 0, 3, 2, 4, 3, 3, 0, 0, 0, 1, 5, 1, 0, 4, 2, 4, 3, 0, 3, 3, 5, 2, 3, 2, 0, 3, 2, 2, 2, 0, 0, 2, 4, 4, 1, 4, 3, 2, 0, 4, 4, 0, 4, 0, 1, 4, 3, 2, 2, 2, 3, 4, 2, 0, 3, 4, 4, 0, 0, 0, 3, 5, 3, 3, 0, 0, 2, 1, 0, 0, 0, 4, 2, 4, 3, 3, 0, 0, 1, 1, 0, 1, 4, 3, 0, 0, 4, 1, 4, 0, 4, 3, 3, 5, 2, 3, 0, 3, 0, 3, 3, 3, 0, 4, 3, 4, 4, 4, 4, 0, 3, 3, 0, 1, 0, 4, 2, 4, 4, 0, 0, 1, 1, 4, 0, 0, 4, 0, 3, 3, 2, 0, 0, 2, 0, 4, 1, 0, 4, 3, 1, 3, 4, 4, 0, 4, 3, 4, 4, 4, 0, 4, 5, 3, 4, 4, 5, 2, 5, 4, 4, 3, 2, 1, 4, 3, 1, 0, 5, 4, 1, 4, 0, 3, 0, 4, 1, 1, 4, 4, 2, 0, 4, 0, 3, 0, 4, 3, 0, 2, 0, 4, 3, 0, 3, 4, 4, 2, 4, 3, 4, 4, 4, 4, 4, 0, 2, 4, 4, 2, 4, 1, 5, 4, 5, 0, 2, 4, 4, 3, 3, 4, 0, 5, 1, 3, 3, 1, 2, 1, 3, 2, 1, 4, 3, 2, 5, 3, 1, 0, 4, 0, 1, 0, 3, 0, 4, 4, 1, 0, 2, 4, 2, 4, 3, 0, 3, 0, 4, 4, 1, 0, 4, 0, 0, 0, 0, 0, 0, 0, 3, 0, 4, 4, 4, 3, 0, 4, 0, 2, 4, 0, 4, 4, 0, 5, 3, 5, 5, 3, 0, 1, 3, 0, 4, 2, 0, 0, 0, 3, 0, 0, 3, 4, 3, 1, 0, 2, 0, 3, 4, 3, 4, 1, 4, 1, 1, 3, 1, 2, 4, 4, 5, 5, 1, 4, 4, 4, 4, 3, 1, 4, 5, 5, 5, 4, 4, 2, 5, 4, 2, 4, 1, 3, 4, 2, 4, 1, 3, 1, 3, 3, 5, 4, 0, 1, 4, 2, 3, 5, 4, 5, 1, 4, 5, 1, 4, 5, 4, 5, 3, 1, 4, 4, 4, 1, 0, 1, 1, 5, 5, 0, 4, 5, 4, 4, 4, 3, 4, 0, 4, 1, 4, 5, 0, 4, 0, 4, 5, 3, 4, 4, 1, 1, 3, 5, 4, 2, 3, 4, 1, 0, 5, 3, 4, 3, 3, 1, 4, 4, 5, 5, 4, 4, 3, 1, 2, 0, 4, 4, 5, 4, 5, 2, 1, 5, 1, 1, 5, 5, 1, 4, 3, 3, 0, 2, 1, 4, 5, 3, 4, 3, 4, 5, 0, 4, 4, 3, 2, 3, 3, 1, 0, 5, 4, 2, 5, 4, 0, 4, 0, 5, 4, 5, 4, 4, 3, 5, 3, 1, 4, 5, 3, 4, 3, 0, 1, 4, 4, 3, 0, 4, 1, 4, 4, 3, 5, 5, 3, 5, 1, 1, 4, 3, 4, 1, 3, 4, 3, 4, 4, 4, 5, 2, 3, 2, 0, 1, 1, 1, 3, 5, 3, 4, 1, 4, 4, 0, 3, 3, 0, 2, 2, 4, 5, 4, 2, 4, 2, 2, 4, 4, 0, 5, 5, 4, 5, 5, 4, 5, 4, 4, 4, 2, 4, 2, 1, 2, 1, 0, 4, 4, 1, 2, 1, 2, 0, 5, 4, 0, 5, 2, 5, 3, 5, 0, 1, 4, 4, 2, 1, 4, 5, 0, 1, 3, 4, 4, 3, 0, 4, 5, 0, 3, 0, 5, 5, 1, 2, 2, 4, 1, 4, 4, 1, 3, 4, 3, 5, 2, 3, 3, 1, 1, 1, 4, 4, 5, 5, 1, 0, 4, 4, 2, 4, 3, 2, 4, 0, 2, 4, 5, 0, 1, 0, 3, 4, 4, 5, 5, 0, 1, 0, 1, 5, 4, 3, 4, 2, 1, 1, 5, 1, 5, 1, 5, 3, 0, 2, 1, 5, 5, 5, 2, 4, 4, 4, 1, 4, 3, 4, 3, 4, 0, 3, 3, 2, 2, 5, 4, 4, 5, 3, 4, 3, 1, 0, 5, 1, 3, 4, 0, 5, 5, 3, 3, 5, 1, 2, 5, 5, 1, 3, 1, 1, 5, 3, 5, 4, 5, 3, 3, 4, 1, 1, 1, 2, 0, 5, 4, 3, 4, 5, 3, 1, 4, 5, 1, 3, 3, 1, 4, 2, 1, 5, 3, 5, 4, 4, 5, 4, 4, 4, 5, 3, 5, 5, 3, 3, 3, 4, 4, 1, 4, 4, 4, 5, 1, 0, 3, 4, 0, 2, 2, 3, 4, 0, 3, 3, 4, 0, 0, 1, 4, 3, 2, 5, 1, 3, 3, 1, 4, 4, 2, 4, 4, 3, 3, 2, 2, 4, 1, 4, 5, 2, 2, 0, 0, 4, 1, 2, 4, 2, 1, 4, 1, 2, 2, 0, 5, 5, 2, 3, 0, 3, 3, 2, 2, 2, 4, 1, 2, 1, 4, 0, 0, 4, 5, 5, 3, 4, 2, 5, 3, 3, 4, 0, 4, 5, 4, 2, 2, 2, 0, 2, 2, 2, 2, 2, 2, 2, 5, 3, 2, 2, 2, 2, 4, 2, 5, 2, 2, 2, 2, 0, 2, 3, 2, 4, 2, 2, 2, 2, 2, 2, 2, 2, 2, 2, 2, 2, 2, 5, 2, 4, 2, 1, 4, 2, 2, 2, 2, 2, 2, 2, 2, 2, 2, 2, 2, 2, 1, 1, 2, 2, 2, 2, 2, 2, 2, 1, 2, 0, 2, 4, 2, 2, 2, 2, 2, 2, 2, 2, 2, 4, 4, 2, 3, 2, 2, 2, 2, 2, 1, 0, 2, 2, 2, 2, 2, 2, 3, 3, 4, 2, 4, 2, 2, 2, 2, 2, 4, 5, 2, 2, 0, 2, 2, 4, 2, 2, 2, 2, 2, 2, 2, 2, 1, 2, 4, 2, 4, 0, 2, 3, 2, 2, 2, 2, 3, 2, 1, 2, 2, 2, 2, 2, 2, 2, 2, 3, 4, 2, 2, 4, 2, 2, 2, 2, 4, 2, 2, 2, 2, 1, 2, 2, 2, 2, 2, 2, 2, 0, 2, 3, 4, 2, 2, 2, 2, 2, 2, 2, 2, 1, 2, 4, 2, 3, 2, 2, 2, 2, 4, 2, 4, 2, 2, 2, 2, 2, 2, 2, 2, 2, 4, 4, 2, 2, 2, 2, 2, 2, 2, 2, 2, 2, 2, 2, 2, 2, 2, 2, 2, 2, 2, 2, 2, 2, 2, 2, 2, 2, 2, 2, 2, 2, 4, 2, 4, 5, 2, 2, 2, 3, 2, 2, 2, 2, 2, 2, 2, 2, 2, 2, 1, 2, 2, 2, 2, 3, 2, 2, 2, 5, 2, 2, 2, 4, 2, 2, 2, 2, 2, 2, 3, 2, 2, 2, 2, 2, 2, 2, 2, 2, 2, 2, 2, 2, 4, 2, 2, 2, 2, 4, 2, 2, 5, 2, 2, 2, 2, 4, 2, 2, 2, 2, 2, 3, 2, 2, 2, 2, 2, 2, 2, 2, 2, 2, 2, 2, 2, 3, 2, 2, 2, 2, 2, 5, 2, 1, 4, 2, 2, 2, 2, 2, 5, 4, 2, 0, 2, 2, 2, 3, 2, 2, 2, 2, 2, 2, 4, 2, 2, 2, 2, 2, 2, 0, 2, 2, 1, 2, 4, 2, 2, 1, 2, 3, 2, 2, 2, 3, 2, 4, 2, 2, 2, 2, 2, 2, 2, 2, 1, 2, 2, 2, 2, 2, 2, 2, 2, 2, 2, 2, 2, 2, 2, 2, 4, 2, 2, 0, 2, 2, 2, 2, 2, 2, 4, 2, 2, 2, 1, 2, 5, 2, 1, 2, 2, 2, 2, 0, 2, 2, 2, 2, 2, 2, 2, 2, 2, 2, 2, 5, 2, 2, 2, 2, 2, 2, 2, 2, 2, 2, 2, 2, 2, 3, 2, 2, 5, 2, 2, 2, 2, 2, 2, 3, 4, 2, 2, 2, 2, 2, 2, 2, 2, 4, 4, 2, 2, 2, 2, 2, 2, 2, 4, 2, 2, 2, 2, 4, 4, 2, 2, 5, 2, 4, 2, 2, 2, 2, 2, 2, 2, 2, 2, 2, 2, 2, 2, 2, 2, 2, 2, 2, 2, 2, 2, 2, 2, 2, 2, 2, 2, 2, 2, 2, 2, 1, 2, 2, 2, 2, 2, 2, 2, 2, 2, 2, 2, 2, 5, 2, 2, 2, 2, 2, 2, 2, 0, 2, 2, 2, 2, 2, 2, 2, 2, 2, 2, 2, 3, 2, 2, 2, 2, 2, 3, 2, 2, 2, 2, 2, 2, 2, 2, 2, 2, 1, 2, 2, 2, 2, 2, 2, 2, 2, 2, 3, 3, 4, 4, 3, 1, 2, 2, 4, 2, 4, 2, 2, 5, 2, 5, 2, 2, 2, 1, 2, 2, 2, 2, 2, 2, 2, 2, 4, 2, 2, 2, 2, 2, 2, 2, 2, 3, 2, 2, 2, 2, 2, 2, 2, 2, 2, 2, 2, 2, 2, 2, 2, 2, 2, 2, 2, 2, 2, 2, 4, 0, 2, 5, 2, 2, 2, 2, 2, 2, 2, 2, 2, 2, 2, 2, 2, 2, 2, 2, 2, 2, 4, 2, 3, 1, 2, 2, 2, 2, 2, 2, 2, 4, 2, 3, 2, 2, 2, 2, 2, 2, 3, 2, 5, 1, 2, 3, 2, 0, 2, 2, 2, 2, 2, 2, 2, 2, 2, 2, 2, 2, 2, 2, 2, 4, 2, 2, 2, 5, 4, 2, 2, 5, 2, 2, 2, 2, 2, 2, 2, 2, 2, 2, 2, 2, 2, 2, 2, 2, 2, 4, 2, 2, 0, 4, 2, 4, 5, 2, 2, 1, 2, 2, 2, 2, 4, 2, 2, 2, 2, 2, 2, 2, 2, 2, 2, 2, 2, 2, 2, 4, 2, 2, 2, 0, 2, 2, 2, 2, 2, 2, 2, 2, 2, 2, 2, 2, 2, 2, 2, 2, 2, 2, 2, 2, 2, 2, 4, 2, 2, 2, 4, 2, 2, 2, 1, 2, 2, 4, 3, 2, 1, 2, 2, 2, 2, 4, 2, 2, 2, 2, 2, 2, 2, 2, 2, 2, 2, 2, 2, 2, 1, 2, 2, 2, 2, 2, 3, 2, 5, 4, 2, 0, 2, 2, 2, 2, 2, 2, 2, 2, 2, 1, 2, 2, 2, 2, 2, 2, 1, 2, 2, 4, 2, 4, 2, 2, 2, 2, 2, 2, 2, 0, 2, 2, 2, 2, 2, 2, 2, 2, 2, 2, 2, 4, 1, 4, 4, 3, 4, 3, 3, 3, 4, 2, 4, 3, 3, 3, 4, 4, 3, 3, 3, 2, 0, 3, 3, 3, 3, 3, 3, 2, 3, 3, 3, 4, 3, 3, 3, 3, 0, 3, 3, 3, 4, 4, 3, 3, 3, 3, 4, 4, 3, 3, 2, 4, 3, 4, 3, 5, 3, 3, 3, 3, 3, 2, 1, 3, 3, 3, 4, 3, 5, 2, 3, 3, 4, 3, 3, 2, 3, 4, 3, 0, 3, 3, 2, 5, 5, 3, 4, 3, 5, 4, 1, 0, 3, 3, 4, 4, 4, 0, 3, 4, 3, 5, 3, 3, 3, 3, 4, 0, 3, 3, 4, 3, 4, 3, 3, 3, 3, 3, 4, 3, 4, 3, 2, 3, 4, 0, 2, 2, 4, 2, 4, 4, 2, 4, 5, 4, 2, 4, 2, 2, 3, 3, 2, 0, 3, 3, 1, 3, 3, 2, 1, 3, 4, 4, 4, 0, 3, 3, 3, 2, 4, 4, 0, 2, 3, 3, 3, 4, 4, 3, 3, 2, 0, 3, 3, 3, 1, 1, 4, 3, 3, 4, 4, 3, 3, 3, 3, 0, 3, 3, 3, 3, 3, 4, 3, 4, 2, 3, 3, 2, 1, 4, 3, 3, 3, 2, 3, 3, 3, 0, 5, 3, 3, 4, 3, 1, 2, 4, 4, 3, 2, 3, 3, 0, 3, 3, 2, 5, 3, 3, 3, 3, 4, 3, 3, 2, 4, 2, 4, 2, 1, 3, 3, 3, 4, 4, 3, 3, 3, 3, 3, 4, 3, 3, 3, 3, 3, 3, 4, 3, 3, 0, 4, 5, 3, 4, 2, 3, 2, 3, 0, 3, 1, 3, 4, 2, 3, 3, 3, 3, 3, 3, 3, 4, 3, 3, 3, 3, 4, 0, 3, 3, 2, 3, 3, 3, 3, 3, 3, 3, 0, 5, 3, 3, 3, 3, 2, 4, 3, 2, 4, 3, 4, 3, 0, 4, 3, 1, 3, 0, 1, 3, 3, 4, 3, 3, 3, 2, 4, 2, 3, 3, 3, 3, 3, 3, 3, 2, 3, 4, 3, 3, 3, 3, 3, 4, 1, 3, 5, 4, 3, 2, 3, 3, 2, 2, 3, 3, 5, 3, 4, 4, 3, 2, 4, 3, 3, 4, 4, 3, 4, 3, 1, 4, 2, 2, 5, 3, 3, 3, 3, 3, 3, 2, 3, 4, 4, 3, 4, 2, 3, 3, 0, 3, 4, 2, 3, 3, 3, 2, 3, 2, 3, 4, 2, 3, 2, 3, 2, 4, 3, 4, 3, 2, 3, 3, 3, 4, 3, 3, 3, 3, 3, 3, 3, 3, 3, 3, 3, 3, 3, 3, 4, 3, 3, 3, 4, 4, 4, 3, 3, 3, 4, 3, 0, 4, 3, 3, 3, 3, 3, 3, 5, 3, 4, 4, 3, 4, 3, 3, 3, 4, 3, 3, 3, 4, 3, 4, 2, 3, 2, 3, 4, 3, 4, 4, 2, 3, 4, 3, 2, 0, 4, 3, 3, 3, 3, 2, 3, 3, 0, 1, 3, 2, 3, 2, 2, 3, 3, 3, 4, 5, 4, 1, 3, 3, 3, 2, 3, 3, 2, 2, 4, 3, 3, 3, 3, 3, 3, 4, 4, 4, 3, 4, 2, 4, 2, 3, 3, 3, 3, 3, 3, 4, 3, 4, 2, 3, 3, 3, 2, 4, 3, 1, 4, 4, 3, 3, 4, 4, 4, 4, 2, 3, 3, 3, 5, 3, 3, 3, 3, 3, 3, 2, 2, 3, 4, 3, 3, 2, 3, 2, 3, 3, 3, 2, 5, 4, 3, 4, 3, 3, 3, 3, 3, 3, 4, 3, 3, 3, 3, 3, 3, 4, 3, 5, 4, 0, 1, 4, 3, 3, 1, 4, 3, 3, 1, 2, 3, 5, 3, 3, 4, 4, 0, 3, 3, 3, 3, 3, 2, 3, 4, 2, 4, 3, 4, 4, 3, 4, 1, 4, 4, 3, 4, 4, 4, 1, 5, 3, 4, 4, 4, 4, 4, 3, 4, 1, 4, 3, 4, 3, 4, 3, 0, 1, 3, 4, 4, 4, 1, 4, 4, 4, 4, 4, 4, 2, 3, 3, 4, 3, 4, 4, 4, 4, 2, 4, 4, 4, 2, 4, 4, 0, 3, 4, 4, 4, 4, 3, 4, 4, 4, 4, 4, 4, 2, 4, 2, 4, 3, 0, 4, 4, 4, 2, 4, 3, 2, 3, 3, 4, 4, 3, 4, 2, 5, 1, 4, 2, 4, 2, 3, 3, 4, 1, 2, 3, 3, 4, 4, 4, 3, 4, 4, 3, 4, 3, 3, 4, 0, 5, 4, 4, 2, 4, 4, 4, 4, 1, 3, 1, 3, 2, 4, 4, 2, 4, 4, 4, 3, 4, 0, 4, 2, 2, 4, 3, 2, 2, 3, 1, 3, 1, 0, 4, 3, 3, 4, 4, 1, 4, 4, 5, 3, 4, 3, 4, 4, 4, 2, 4, 3, 0, 4, 3, 4, 4, 4, 3, 4, 4, 5, 3, 4, 3, 4, 3, 4, 4, 4, 0, 5, 4, 4, 3, 4, 4, 5, 2, 0, 0, 4, 3, 4, 5, 0, 3, 4, 3, 1, 3, 4, 4, 4, 4, 4, 2, 3, 1, 4, 3, 2, 4, 4, 4, 4, 4, 4, 4, 3, 0, 4, 4, 4, 3, 4, 3, 4, 4, 0, 3, 4, 2, 4, 2, 4, 4, 5, 4, 3, 4, 0, 3, 4, 0, 4, 4, 4, 4, 4, 2, 4, 3, 4, 4, 4, 2, 4, 3, 2, 4, 4, 4, 3, 0, 4, 4, 3, 4, 3, 3, 4, 5, 2, 5, 4, 3, 2, 2, 3, 4, 4, 4, 4, 3, 3, 4, 4, 3, 4, 4, 4, 4, 4, 2, 4, 4, 1, 2, 3, 0, 3, 4, 1, 4, 4, 4, 4, 3, 4, 4, 4, 0, 4, 4, 4, 2, 5, 4, 2, 4, 1, 3, 4, 4, 2, 3, 4, 4, 4, 3, 4, 2, 3, 2, 2, 4, 0, 4, 4, 1, 3, 3, 4, 4, 3, 0, 2, 4, 4, 4, 4, 1, 4, 1, 2, 3, 2, 4, 2, 2, 4, 3, 2, 1, 4, 0, 3, 4, 4, 4, 1, 3, 0, 4, 4, 4, 3, 4, 0, 4, 4, 4, 4, 3, 4, 4, 4, 3, 4, 5, 4, 4, 1, 2, 1, 1, 0, 4, 4, 4, 3, 3, 3, 3, 3, 4, 4, 3, 2, 0, 0, 4, 4, 4, 1, 3, 4, 3, 4, 0, 4, 4, 3, 3, 4, 4, 4, 2, 4, 0, 4, 4, 4, 4, 4, 0, 5, 3, 4, 0, 1, 1, 3, 4, 4, 4, 4, 4, 3, 3, 4, 4, 4, 4, 4, 4, 4, 2, 4, 2, 4, 4, 2, 3, 4, 4, 5, 4, 4, 2, 4, 2, 3, 4, 2, 4, 1, 4, 0, 1, 2, 3, 3, 3, 3, 2, 3, 5, 2, 0, 0, 5, 4, 1, 4, 4, 3, 1, 4, 4, 3, 4, 4, 0, 3, 4, 4, 3, 1, 2, 4, 4, 4, 4, 3, 4, 4, 4, 2, 4, 4, 4, 3, 2, 3, 3, 4, 4, 4, 5, 4, 4, 0, 0, 4, 4, 4, 4, 4, 1, 3, 4, 3, 4, 0, 2, 3, 3, 0, 4, 1, 3, 4, 2, 3, 2, 4, 4, 2, 4, 4, 1, 3, 5, 4, 0, 2, 2, 2, 4, 4, 3, 3, 4, 4, 4, 4, 3, 3, 4, 1, 5, 3, 4, 1, 3, 4, 4, 2, 5, 5, 5, 5, 1, 2, 5, 5, 5, 5, 5, 5, 1, 5, 5, 1, 1, 5, 5, 5, 5, 5, 5, 5, 5, 5, 1, 4, 2, 5, 4, 5, 5, 5, 4, 2, 5, 2, 3, 5, 4, 5, 5, 5, 3, 5, 5, 5, 2, 5, 5, 5, 5, 5, 5, 0, 5, 5, 4, 1, 5, 5, 5, 1, 4, 5, 5, 5, 3, 2, 2, 3, 5, 5, 5, 5, 4, 5, 3, 5, 1, 5, 5, 5, 5, 1, 5, 5, 5, 2, 5, 5, 5, 5, 4, 3, 5, 1, 5, 5, 5, 5, 5, 5, 1, 5, 4, 4, 5, 2, 5, 5, 5, 5, 5, 5, 5, 5, 5, 3, 1, 5, 0, 5, 3, 5, 3, 5, 1, 5, 1, 5, 5, 5, 5, 5, 5, 1, 5, 5, 2, 2, 5, 4, 5, 2, 5, 5, 5, 5, 2, 3, 1, 5, 5, 5, 5, 5, 5, 5, 5, 5, 4, 5, 5, 5, 5, 5, 5, 2, 5, 5, 5, 5, 5, 5, 5, 2, 4, 5, 3, 4, 1, 2, 5, 5, 4, 4, 1, 2, 5, 5, 5, 5, 5, 5, 2, 5, 1, 5, 5, 4, 5, 1, 5, 5, 5, 5, 5, 5, 5, 5, 1, 5, 2, 5, 5, 5, 2, 1, 5, 5, 5, 5, 5, 1, 5, 5, 5, 5, 5, 5, 5, 5, 1, 5, 5, 5, 2, 5, 1, 2, 5, 5, 2, 5, 3, 1, 5, 5, 5, 5, 5, 5, 5, 1, 5, 5, 5, 5, 5, 5, 5, 4, 5, 5, 2, 1, 5, 1, 5, 5, 5, 5, 5, 5, 5, 5, 4, 5, 5, 5, 5, 1, 5, 4, 3, 3, 5, 5, 5, 5, 5, 5, 5, 5, 5, 5, 1, 5, 5, 5, 5, 4, 3, 5, 5, 5, 5, 5, 5, 4, 5, 1, 5, 4, 1, 2, 5, 2, 5, 5, 5, 5, 3, 1, 5, 5, 5, 5, 5, 5, 5, 5, 5, 5, 2, 5, 5, 5, 5, 5, 5, 5, 5, 5, 5, 5, 5, 5, 3, 1, 5, 5, 5, 5, 2, 3, 2, 3, 5, 2, 5, 5, 5, 1, 5, 5, 1, 5, 5, 5, 5, 5, 5, 5, 5, 5, 3, 5, 4, 5, 5, 2, 5, 5, 4, 5, 2, 5, 5, 4, 5, 5, 1, 5, 5, 5, 5, 1, 4, 1, 3, 1, 5, 4, 0, 5, 4, 5, 5, 3, 2, 5]
